Server [localhost]:
Database [postgres]:
Port [5432]:
Username [postgres]:
Password for user postgres:
psql (17.6)
WARNING: Console code page (866) differs from Windows code page (1251)
         8-bit characters might not work correctly. See psql reference
         page "Notes for Windows users" for details.
Type "help" for help.

postgres=# CREATE TABLE students ( student_id INTEGER PRIMARY KEY, name VARCHAR(100), email VARCHAR(150) );
CREATE TABLE
postgres=# DROP TABLE students;
DROP TABLE
postgres=# CREATE TABLE students ( student_id INTEGER, name VARCHAR(100), email VARCHAR(150), PRIMARY KEY (student_id) );
CREATE TABLE
postgres=# DROP TABLE students;
DROP TABLE
postgres=# CREATE TABLE students ( student_id INTEGER, name VARCHAR(100), email VARCHAR(150), CONSTRAINT pk_students PRIMARY KEY (student_id) );
CREATE TABLE
postgres=# DROP TABLE students;
DROP TABLE
postgres=# CREATE TABLE students ( student_id INTEGER, name VARCHAR(100), email VARCHAR(150) );
CREATE TABLE
postgres=# ALTER TABLE students ADD CONSTRAINT pk_students PRIMARY KEY (student_id);
ALTER TABLE
postgres=# DROP TABLE students;
DROP TABLE
postgres=# CREATE TABLE students ( student_id SERIAL PRIMARY KEY, name VARCHAR(100) NOT NULL, email VARCHAR(150) UNIQUE, faculty VARCHAR(50) );
CREATE TABLE
postgres=# INSERT INTO students (name, email, faculty) VALUES ('Alice Johnson', 'alice@auca.kg', 'Computer Science'), ('Bob Smith', 'bob@auca.kg', 'Mathematics'), ('Carol Davis', 'carol@auca.kg', 'Computer Science');
INSERT 0 3
postgres=# SELECT * FROM students;
 student_id |     name      |     email     |     faculty
------------+---------------+---------------+------------------
          1 | Alice Johnson | alice@auca.kg | Computer Science
          2 | Bob Smith     | bob@auca.kg   | Mathematics
          3 | Carol Davis   | carol@auca.kg | Computer Science
(3 rows)


postgres=# CREATE TABLE course_enrollments ( student_id INTEGER, course_id INTEGER, semester VARCHAR(20), enrollment_date DATE DEFAULT CURRENT_DATE, grade CHAR(2), PRIMARY KEY (student_id, course_id, semester) );
CREATE TABLE


postgres=# INSERT INTO course_enrollments (student_id, course_id, semester, grade) VALUES
postgres-# (1, 101, '2024-Spring', 'A'),
postgres-# (1, 102, '2024-Spring', 'B+'),
postgres-# (2, 101, '2024-Spring', 'A-'),
postgres-# (1, 101, '2024-Fall', 'A+');
INSERT 0 4
postgres=# SELECT * FROM course_enrollments;
 student_id | course_id |  semester   | enrollment_date | grade
------------+-----------+-------------+-----------------+-------
          1 |       101 | 2024-Spring | 2025-09-16      | A
          1 |       102 | 2024-Spring | 2025-09-16      | B+
          2 |       101 | 2024-Spring | 2025-09-16      | A-
          1 |       101 | 2024-Fall   | 2025-09-16      | A+
(4 rows)


postgres=# CREATE TABLE products ( product_id SERIAL PRIMARY KEY, product_name VARCHAR(100) NOT NULL, price DECIMAL(10,2) );
CREATE TABLE
postgres=# CREATE TABLE transactions ( transaction_id BIGSERIAL PRIMARY KEY, amount DECIMAL(15,2), transaction_date TIMESTAMP DEFAULT CURRENT_TIMESTAMP );
CREATE TABLE
postgres=# CREATE TABLE orders ( order_id INTEGER GENERATED ALWAYS AS IDENTITY PRIMARY KEY, customer_name VARCHAR(100), order_date DATE DEFAULT CURRENT_DATE );
CREATE TABLE
postgres=# CREATE TABLE customers ( customer_id INTEGER GENERATED BY DEFAULT AS IDENTITY PRIMARY KEY, customer_name VARCHAR(100), email VARCHAR(150) );
CREATE TABLE
postgres=# INSERT INTO customers (customer_id, customer_name, email) VALUES (1000, 'VIP Customer', 'vip@example.com');
INSERT 0 1
postgres=# SELECT * FROM customers;
 customer_id | customer_name |      email
-------------+---------------+-----------------
        1000 | VIP Customer  | vip@example.com
(1 row)


postgres=# CREATE TABLE departments ( dept_id INTEGER PRIMARY KEY, dept_name VARCHAR(100) );
CREATE TABLE
postgres=# INSERT INTO departments VALUES (1, 'Computer Science');
INSERT 0 1
postgres=# INSERT INTO departments VALUES (1, 'Mathematics');
ОШИБКА:  повторяющееся значение ключа нарушает ограничение уникальности "departments_pkey"
DETAIL:  Ключ "(dept_id)=(1)" уже существует.
postgres=# INSERT INTO departments VALUES (NULL, 'Physics');
ОШИБКА:  значение NULL в столбце "dept_id" отношения "departments" нарушает ограничение NOT NULL
DETAIL:  Ошибочная строка содержит (null, Physics).
postgres=# \d departments;
                     Table "public.departments"
  Column   |          Type          | Collation | Nullable | Default
-----------+------------------------+-----------+----------+---------
 dept_id   | integer                |           | not null |
 dept_name | character varying(100) |           |          |
Indexes:
    "departments_pkey" PRIMARY KEY, btree (dept_id)


postgres=#